data/why3/frama_c/should_we_balance/cpumask_andnot_Why3_ide.mlw,cpumask_andnot_Why3_ide_VCcpumask_andnot_post_2_goal0,True
data/why3/frama_c/should_we_balance/cpumask_andnot_Why3_ide.mlw,cpumask_andnot_Why3_ide_VCcpumask_andnot_post_4_goal1,True
data/why3/frama_c/should_we_balance/cpumask_andnot_Why3_ide.mlw,cpumask_andnot_Why3_ide_VCcpumask_andnot_loop_inv_preserved_goal2,True
data/why3/frama_c/should_we_balance/cpumask_andnot_Why3_ide.mlw,cpumask_andnot_Why3_ide_VCcpumask_andnot_loop_inv_established_goal3,True
data/why3/frama_c/should_we_balance/cpumask_andnot_Why3_ide.mlw,cpumask_andnot_Why3_ide_VCcpumask_andnot_loop_inv_2_preserved_goal4,True
data/why3/frama_c/should_we_balance/cpumask_andnot_Why3_ide.mlw,cpumask_andnot_Why3_ide_VCcpumask_andnot_loop_inv_3_preserved_goal5,True
data/why3/frama_c/should_we_balance/cpumask_andnot_Why3_ide.mlw,cpumask_andnot_Why3_ide_VCcpumask_andnot_assert_rte_bool_value_goal6,True
data/why3/frama_c/should_we_balance/cpumask_andnot_Why3_ide.mlw,cpumask_andnot_Why3_ide_VCcpumask_andnot_assert_rte_mem_access_goal7,True
data/why3/frama_c/should_we_balance/cpumask_andnot_Why3_ide.mlw,cpumask_andnot_Why3_ide_VCcpumask_andnot_assert_rte_mem_access_2_goal8,True
data/why3/frama_c/should_we_balance/cpumask_andnot_Why3_ide.mlw,cpumask_andnot_Why3_ide_VCcpumask_andnot_assert_rte_bool_value_2_goal9,True
data/why3/frama_c/should_we_balance/cpumask_andnot_Why3_ide.mlw,cpumask_andnot_Why3_ide_VCcpumask_andnot_assert_rte_mem_access_3_goal10,True
data/why3/frama_c/should_we_balance/cpumask_andnot_Why3_ide.mlw,cpumask_andnot_Why3_ide_VCcpumask_andnot_assert_rte_mem_access_4_goal11,True
data/why3/frama_c/should_we_balance/cpumask_andnot_Why3_ide.mlw,cpumask_andnot_Why3_ide_VCcpumask_andnot_assert_rte_mem_access_5_goal12,True
data/why3/frama_c/should_we_balance/cpumask_andnot_Why3_ide.mlw,cpumask_andnot_Why3_ide_VCcpumask_andnot_assert_rte_mem_access_6_goal13,True
data/why3/frama_c/should_we_balance/cpumask_andnot_Why3_ide.mlw,cpumask_andnot_Why3_ide_VCcpumask_andnot_assert_rte_signed_overflow_goal14,True
data/why3/frama_c/should_we_balance/cpumask_andnot_Why3_ide.mlw,cpumask_andnot_Why3_ide_VCcpumask_andnot_loop_assign_part6_goal15,True
data/why3/frama_c/should_we_balance/cpumask_andnot_Why3_ide.mlw,cpumask_andnot_Why3_ide_VCcpumask_andnot_nonempty_dst1_post_goal16,True
data/why3/frama_c/should_we_balance/cpumask_andnot_Why3_ide.mlw,cpumask_andnot_Why3_ide_VCcpumask_andnot_nonempty_dst1_post_2_goal17,True
data/why3/frama_c/should_we_balance/cpumask_copy_Why3_ide.mlw,cpumask_copy_Why3_ide_VCcpumask_copy_post_goal0,True
data/why3/frama_c/should_we_balance/cpumask_copy_Why3_ide.mlw,cpumask_copy_Why3_ide_VCcpumask_copy_loop_inv_preserved_goal1,True
data/why3/frama_c/should_we_balance/cpumask_copy_Why3_ide.mlw,cpumask_copy_Why3_ide_VCcpumask_copy_loop_inv_established_goal2,True
data/why3/frama_c/should_we_balance/cpumask_copy_Why3_ide.mlw,cpumask_copy_Why3_ide_VCcpumask_copy_loop_inv_2_preserved_goal3,True
data/why3/frama_c/should_we_balance/cpumask_copy_Why3_ide.mlw,cpumask_copy_Why3_ide_VCcpumask_copy_assert_rte_bool_value_goal4,False
data/why3/frama_c/should_we_balance/cpumask_copy_Why3_ide.mlw,cpumask_copy_Why3_ide_VCcpumask_copy_assert_rte_mem_access_goal5,True
data/why3/frama_c/should_we_balance/cpumask_copy_Why3_ide.mlw,cpumask_copy_Why3_ide_VCcpumask_copy_assert_rte_mem_access_2_goal6,True
data/why3/frama_c/should_we_balance/cpumask_copy_Why3_ide.mlw,cpumask_copy_Why3_ide_VCcpumask_copy_assert_rte_mem_access_3_goal7,True
data/why3/frama_c/should_we_balance/cpumask_copy_Why3_ide.mlw,cpumask_copy_Why3_ide_VCcpumask_copy_assert_rte_mem_access_4_goal8,True
data/why3/frama_c/should_we_balance/cpumask_copy_Why3_ide.mlw,cpumask_copy_Why3_ide_VCcpumask_copy_assert_rte_signed_overflow_goal9,True
data/why3/frama_c/should_we_balance/cpumask_copy_Why3_ide.mlw,cpumask_copy_Why3_ide_VCcpumask_copy_loop_assign_part3_goal10,True
data/why3/frama_c/should_we_balance/find_first_bit_0_Why3_ide.mlw,find_first_bit_0_Why3_ide_VCfind_first_bit_0_loop_inv_preserved_goal0,True
data/why3/frama_c/should_we_balance/find_first_bit_0_Why3_ide.mlw,find_first_bit_0_Why3_ide_VCfind_first_bit_0_assert_rte_bool_value_goal1,False
data/why3/frama_c/should_we_balance/find_first_bit_0_Why3_ide.mlw,find_first_bit_0_Why3_ide_VCfind_first_bit_0_assert_rte_mem_access_goal2,True
data/why3/frama_c/should_we_balance/find_first_bit_0_Why3_ide.mlw,find_first_bit_0_Why3_ide_VCfind_first_bit_0_loop_term_decrease_goal3,True
data/why3/frama_c/should_we_balance/find_first_bit_0_Why3_ide.mlw,find_first_bit_0_Why3_ide_VCfind_first_bit_0_above_post_goal4,True
data/why3/frama_c/should_we_balance/find_first_bit_0_Why3_ide.mlw,find_first_bit_0_Why3_ide_VCfind_first_bit_0_above_post_2_goal5,True
data/why3/frama_c/should_we_balance/find_first_bit_0_Why3_ide.mlw,find_first_bit_0_Why3_ide_VCfind_first_bit_0_above_post_3_goal6,True
data/why3/frama_c/should_we_balance/find_first_bit_0_Why3_ide.mlw,find_first_bit_0_Why3_ide_VCfind_first_bit_0_nowhere_post_goal7,True
data/why3/frama_c/should_we_balance/find_first_bit_Why3_ide.mlw,find_first_bit_Why3_ide_VCfind_first_bit_loop_inv_preserved_goal0,True
data/why3/frama_c/should_we_balance/find_first_bit_Why3_ide.mlw,find_first_bit_Why3_ide_VCfind_first_bit_assert_rte_bool_value_goal1,False
data/why3/frama_c/should_we_balance/find_first_bit_Why3_ide.mlw,find_first_bit_Why3_ide_VCfind_first_bit_assert_rte_mem_access_goal2,True
data/why3/frama_c/should_we_balance/find_first_bit_Why3_ide.mlw,find_first_bit_Why3_ide_VCfind_first_bit_loop_term_decrease_goal3,True
data/why3/frama_c/should_we_balance/find_first_bit_Why3_ide.mlw,find_first_bit_Why3_ide_VCfind_first_bit_above_post_goal4,True
data/why3/frama_c/should_we_balance/find_first_bit_Why3_ide.mlw,find_first_bit_Why3_ide_VCfind_first_bit_above_post_2_goal5,True
data/why3/frama_c/should_we_balance/find_first_bit_Why3_ide.mlw,find_first_bit_Why3_ide_VCfind_first_bit_above_post_3_goal6,True
data/why3/frama_c/should_we_balance/find_first_bit_Why3_ide.mlw,find_first_bit_Why3_ide_VCfind_first_bit_nowhere_post_goal7,True
data/why3/frama_c/should_we_balance/find_next_and_bit_Why3_ide.mlw,find_next_and_bit_Why3_ide_VCfind_next_and_bit_loop_inv_preserved_goal0,True
data/why3/frama_c/should_we_balance/find_next_and_bit_Why3_ide.mlw,find_next_and_bit_Why3_ide_VCfind_next_and_bit_loop_inv_2_preserved_goal1,True
data/why3/frama_c/should_we_balance/find_next_and_bit_Why3_ide.mlw,find_next_and_bit_Why3_ide_VCfind_next_and_bit_assert_rte_bool_value_goal2,False
data/why3/frama_c/should_we_balance/find_next_and_bit_Why3_ide.mlw,find_next_and_bit_Why3_ide_VCfind_next_and_bit_assert_rte_mem_access_goal3,True
data/why3/frama_c/should_we_balance/find_next_and_bit_Why3_ide.mlw,find_next_and_bit_Why3_ide_VCfind_next_and_bit_assert_rte_bool_value_2_goal4,False
data/why3/frama_c/should_we_balance/find_next_and_bit_Why3_ide.mlw,find_next_and_bit_Why3_ide_VCfind_next_and_bit_assert_rte_mem_access_2_goal5,True
data/why3/frama_c/should_we_balance/find_next_and_bit_Why3_ide.mlw,find_next_and_bit_Why3_ide_VCfind_next_and_bit_loop_term_decrease_goal6,True
data/why3/frama_c/should_we_balance/find_next_and_bit_Why3_ide.mlw,find_next_and_bit_Why3_ide_VCfind_next_and_bit_above_post_goal7,True
data/why3/frama_c/should_we_balance/find_next_and_bit_Why3_ide.mlw,find_next_and_bit_Why3_ide_VCfind_next_and_bit_above_post_2_goal8,True
data/why3/frama_c/should_we_balance/find_next_and_bit_Why3_ide.mlw,find_next_and_bit_Why3_ide_VCfind_next_and_bit_above_post_3_goal9,True
data/why3/frama_c/should_we_balance/find_next_and_bit_Why3_ide.mlw,find_next_and_bit_Why3_ide_VCfind_next_and_bit_above_post_4_goal10,True
data/why3/frama_c/should_we_balance/find_next_and_bit_Why3_ide.mlw,find_next_and_bit_Why3_ide_VCfind_next_and_bit_nowhere_post_goal11,True
data/why3/frama_c/should_we_balance/find_next_bit_0_Why3_ide.mlw,find_next_bit_0_Why3_ide_VCfind_next_bit_0_loop_inv_preserved_goal0,True
data/why3/frama_c/should_we_balance/find_next_bit_0_Why3_ide.mlw,find_next_bit_0_Why3_ide_VCfind_next_bit_0_loop_inv_2_preserved_goal1,True
data/why3/frama_c/should_we_balance/find_next_bit_0_Why3_ide.mlw,find_next_bit_0_Why3_ide_VCfind_next_bit_0_assert_rte_bool_value_goal2,False
data/why3/frama_c/should_we_balance/find_next_bit_0_Why3_ide.mlw,find_next_bit_0_Why3_ide_VCfind_next_bit_0_assert_rte_mem_access_goal3,True
data/why3/frama_c/should_we_balance/find_next_bit_0_Why3_ide.mlw,find_next_bit_0_Why3_ide_VCfind_next_bit_0_loop_term_decrease_goal4,True
data/why3/frama_c/should_we_balance/find_next_bit_0_Why3_ide.mlw,find_next_bit_0_Why3_ide_VCfind_next_bit_0_above_post_goal5,True
data/why3/frama_c/should_we_balance/find_next_bit_0_Why3_ide.mlw,find_next_bit_0_Why3_ide_VCfind_next_bit_0_above_post_2_goal6,True
data/why3/frama_c/should_we_balance/find_next_bit_0_Why3_ide.mlw,find_next_bit_0_Why3_ide_VCfind_next_bit_0_above_post_3_goal7,True
data/why3/frama_c/should_we_balance/find_next_bit_0_Why3_ide.mlw,find_next_bit_0_Why3_ide_VCfind_next_bit_0_above_post_4_goal8,True
data/why3/frama_c/should_we_balance/find_next_bit_0_Why3_ide.mlw,find_next_bit_0_Why3_ide_VCfind_next_bit_0_nowhere_post_goal9,True
data/why3/frama_c/should_we_balance/find_next_bit_Why3_ide.mlw,find_next_bit_Why3_ide_VCfind_next_bit_loop_inv_preserved_goal0,True
data/why3/frama_c/should_we_balance/find_next_bit_Why3_ide.mlw,find_next_bit_Why3_ide_VCfind_next_bit_loop_inv_2_preserved_goal1,True
data/why3/frama_c/should_we_balance/find_next_bit_Why3_ide.mlw,find_next_bit_Why3_ide_VCfind_next_bit_assert_rte_bool_value_goal2,False
data/why3/frama_c/should_we_balance/find_next_bit_Why3_ide.mlw,find_next_bit_Why3_ide_VCfind_next_bit_assert_rte_mem_access_goal3,True
data/why3/frama_c/should_we_balance/find_next_bit_Why3_ide.mlw,find_next_bit_Why3_ide_VCfind_next_bit_loop_term_decrease_goal4,True
data/why3/frama_c/should_we_balance/find_next_bit_Why3_ide.mlw,find_next_bit_Why3_ide_VCfind_next_bit_above_post_goal5,True
data/why3/frama_c/should_we_balance/find_next_bit_Why3_ide.mlw,find_next_bit_Why3_ide_VCfind_next_bit_above_post_2_goal6,True
data/why3/frama_c/should_we_balance/find_next_bit_Why3_ide.mlw,find_next_bit_Why3_ide_VCfind_next_bit_above_post_3_goal7,True
data/why3/frama_c/should_we_balance/find_next_bit_Why3_ide.mlw,find_next_bit_Why3_ide_VCfind_next_bit_above_post_4_goal8,True
data/why3/frama_c/should_we_balance/find_next_bit_Why3_ide.mlw,find_next_bit_Why3_ide_VCfind_next_bit_nowhere_post_goal9,True
data/why3/frama_c/should_we_balance/find_next_bit_wrap_0_Why3_ide.mlw,find_next_bit_wrap_0_Why3_ide_VCfind_next_bit_wrap_0_complete_below_above_nowhere_goal0,True
data/why3/frama_c/should_we_balance/find_next_bit_wrap_0_Why3_ide.mlw,find_next_bit_wrap_0_Why3_ide_VCfind_next_bit_wrap_0_disjoint_below_above_nowhere_goal1,True
data/why3/frama_c/should_we_balance/find_next_bit_wrap_0_Why3_ide.mlw,find_next_bit_wrap_0_Why3_ide_VCfind_next_bit_wrap_0_call_find_first_bit_0_pre_goal2,True
data/why3/frama_c/should_we_balance/find_next_bit_wrap_0_Why3_ide.mlw,find_next_bit_wrap_0_Why3_ide_VCfind_next_bit_wrap_0_call_find_first_bit_0_pre_2_goal3,True
data/why3/frama_c/should_we_balance/find_next_bit_wrap_0_Why3_ide.mlw,find_next_bit_wrap_0_Why3_ide_VCfind_next_bit_wrap_0_above_post_goal4,True
data/why3/frama_c/should_we_balance/find_next_bit_wrap_0_Why3_ide.mlw,find_next_bit_wrap_0_Why3_ide_VCfind_next_bit_wrap_0_above_post_2_goal5,True
data/why3/frama_c/should_we_balance/find_next_bit_wrap_0_Why3_ide.mlw,find_next_bit_wrap_0_Why3_ide_VCfind_next_bit_wrap_0_above_post_3_goal6,True
data/why3/frama_c/should_we_balance/find_next_bit_wrap_0_Why3_ide.mlw,find_next_bit_wrap_0_Why3_ide_VCfind_next_bit_wrap_0_below_post_goal7,True
data/why3/frama_c/should_we_balance/find_next_bit_wrap_0_Why3_ide.mlw,find_next_bit_wrap_0_Why3_ide_VCfind_next_bit_wrap_0_below_post_2_goal8,True
data/why3/frama_c/should_we_balance/find_next_bit_wrap_0_Why3_ide.mlw,find_next_bit_wrap_0_Why3_ide_VCfind_next_bit_wrap_0_below_post_3_goal9,True
data/why3/frama_c/should_we_balance/find_next_bit_wrap_0_Why3_ide.mlw,find_next_bit_wrap_0_Why3_ide_VCfind_next_bit_wrap_0_nowhere_post_goal10,True
data/why3/frama_c/should_we_balance/find_next_bit_wrap_Why3_ide.mlw,find_next_bit_wrap_Why3_ide_VCfind_next_bit_wrap_complete_below_above_nowhere_goal0,True
data/why3/frama_c/should_we_balance/find_next_bit_wrap_Why3_ide.mlw,find_next_bit_wrap_Why3_ide_VCfind_next_bit_wrap_disjoint_below_above_nowhere_goal1,True
data/why3/frama_c/should_we_balance/find_next_bit_wrap_Why3_ide.mlw,find_next_bit_wrap_Why3_ide_VCfind_next_bit_wrap_call_find_first_bit_pre_goal2,True
data/why3/frama_c/should_we_balance/find_next_bit_wrap_Why3_ide.mlw,find_next_bit_wrap_Why3_ide_VCfind_next_bit_wrap_call_find_first_bit_pre_2_goal3,True
data/why3/frama_c/should_we_balance/find_next_bit_wrap_Why3_ide.mlw,find_next_bit_wrap_Why3_ide_VCfind_next_bit_wrap_above_post_goal4,True
data/why3/frama_c/should_we_balance/find_next_bit_wrap_Why3_ide.mlw,find_next_bit_wrap_Why3_ide_VCfind_next_bit_wrap_above_post_2_goal5,True
data/why3/frama_c/should_we_balance/find_next_bit_wrap_Why3_ide.mlw,find_next_bit_wrap_Why3_ide_VCfind_next_bit_wrap_above_post_3_goal6,True
data/why3/frama_c/should_we_balance/find_next_bit_wrap_Why3_ide.mlw,find_next_bit_wrap_Why3_ide_VCfind_next_bit_wrap_below_post_goal7,True
data/why3/frama_c/should_we_balance/find_next_bit_wrap_Why3_ide.mlw,find_next_bit_wrap_Why3_ide_VCfind_next_bit_wrap_below_post_2_goal8,True
data/why3/frama_c/should_we_balance/find_next_bit_wrap_Why3_ide.mlw,find_next_bit_wrap_Why3_ide_VCfind_next_bit_wrap_below_post_3_goal9,True
data/why3/frama_c/should_we_balance/find_next_bit_wrap_Why3_ide.mlw,find_next_bit_wrap_Why3_ide_VCfind_next_bit_wrap_nowhere_post_goal10,True
data/why3/frama_c/should_we_balance/is_core_idle_Why3_ide.mlw,is_core_idle_Why3_ide_VCis_core_idle_post_goal0,True
data/why3/frama_c/should_we_balance/is_core_idle_Why3_ide.mlw,is_core_idle_Why3_ide_VCis_core_idle_loop_inv_preserved_goal1,True
data/why3/frama_c/should_we_balance/is_core_idle_Why3_ide.mlw,is_core_idle_Why3_ide_VCis_core_idle_loop_inv_established_goal2,True
data/why3/frama_c/should_we_balance/is_core_idle_Why3_ide.mlw,is_core_idle_Why3_ide_VCis_core_idle_loop_inv_2_preserved_goal3,True
data/why3/frama_c/should_we_balance/is_core_idle_Why3_ide.mlw,is_core_idle_Why3_ide_VCis_core_idle_assert_rte_mem_access_goal4,True
data/why3/frama_c/should_we_balance/is_core_idle_Why3_ide.mlw,is_core_idle_Why3_ide_VCis_core_idle_assert_rte_bool_value_goal5,True
data/why3/frama_c/should_we_balance/is_core_idle_Why3_ide.mlw,is_core_idle_Why3_ide_VCis_core_idle_assert_rte_signed_overflow_goal6,True
data/why3/frama_c/should_we_balance/is_core_idle_Why3_ide.mlw,is_core_idle_Why3_ide_VCis_core_idle_loop_term_decrease_goal7,True
data/why3/frama_c/should_we_balance/is_core_idle_Why3_ide.mlw,is_core_idle_Why3_ide_VCis_core_idle_call_find_next_bit_pre_2_goal8,True
data/why3/frama_c/should_we_balance/is_core_idle_Why3_ide.mlw,is_core_idle_Why3_ide_VCis_core_idle_call_idle_cpu_pre_goal9,True
data/why3/frama_c/should_we_balance/should_we_balance_Why3_ide.mlw,should_we_balance_Why3_ide_VCshould_we_balance_complete_not_newly_idle_without_idle_no____goal0,True
data/why3/frama_c/should_we_balance/should_we_balance_Why3_ide.mlw,should_we_balance_Why3_ide_VCshould_we_balance_disjoint_not_newly_idle_without_idle_no____goal1,True
data/why3/frama_c/should_we_balance/should_we_balance_Why3_ide.mlw,should_we_balance_Why3_ide_VCshould_we_balance_assert_rte_mem_access_goal2,True
data/why3/frama_c/should_we_balance/should_we_balance_Why3_ide.mlw,should_we_balance_Why3_ide_VCshould_we_balance_assert_rte_mem_access_2_goal3,True
data/why3/frama_c/should_we_balance/should_we_balance_Why3_ide.mlw,should_we_balance_Why3_ide_VCshould_we_balance_assert_rte_mem_access_3_goal4,True
data/why3/frama_c/should_we_balance/should_we_balance_Why3_ide.mlw,should_we_balance_Why3_ide_VCshould_we_balance_assert_rte_mem_access_4_goal5,True
data/why3/frama_c/should_we_balance/should_we_balance_Why3_ide.mlw,should_we_balance_Why3_ide_VCshould_we_balance_assert_rte_bool_value_goal6,True
data/why3/frama_c/should_we_balance/should_we_balance_Why3_ide.mlw,should_we_balance_Why3_ide_VCshould_we_balance_assert_rte_mem_access_5_goal7,True
data/why3/frama_c/should_we_balance/should_we_balance_Why3_ide.mlw,should_we_balance_Why3_ide_VCshould_we_balance_assert_rte_mem_access_6_goal8,True
data/why3/frama_c/should_we_balance/should_we_balance_Why3_ide.mlw,should_we_balance_Why3_ide_VCshould_we_balance_assert_rte_mem_access_7_goal9,True
data/why3/frama_c/should_we_balance/should_we_balance_Why3_ide.mlw,should_we_balance_Why3_ide_VCshould_we_balance_assert_rte_mem_access_9_goal10,True
data/why3/frama_c/should_we_balance/should_we_balance_Why3_ide.mlw,should_we_balance_Why3_ide_VCshould_we_balance_loop_inv_preserved_goal11,True
data/why3/frama_c/should_we_balance/should_we_balance_Why3_ide.mlw,should_we_balance_Why3_ide_VCshould_we_balance_loop_inv_established_goal12,True
data/why3/frama_c/should_we_balance/should_we_balance_Why3_ide.mlw,should_we_balance_Why3_ide_VCshould_we_balance_loop_inv_a1_preserved_goal13,True
data/why3/frama_c/should_we_balance/should_we_balance_Why3_ide.mlw,should_we_balance_Why3_ide_VCshould_we_balance_loop_inv_a1_established_goal14,True
data/why3/frama_c/should_we_balance/should_we_balance_Why3_ide.mlw,should_we_balance_Why3_ide_VCshould_we_balance_loop_inv_a2_preserved_goal15,True
data/why3/frama_c/should_we_balance/should_we_balance_Why3_ide.mlw,should_we_balance_Why3_ide_VCshould_we_balance_loop_inv_a2_established_goal16,True
data/why3/frama_c/should_we_balance/should_we_balance_Why3_ide.mlw,should_we_balance_Why3_ide_VCshould_we_balance_loop_inv_a3_preserved_goal17,True
data/why3/frama_c/should_we_balance/should_we_balance_Why3_ide.mlw,should_we_balance_Why3_ide_VCshould_we_balance_loop_inv_i2_preserved_goal18,True
data/why3/frama_c/should_we_balance/should_we_balance_Why3_ide.mlw,should_we_balance_Why3_ide_VCshould_we_balance_loop_inv_i3_preserved_goal19,True
data/why3/frama_c/should_we_balance/should_we_balance_Why3_ide.mlw,should_we_balance_Why3_ide_VCshould_we_balance_loop_inv_i4_preserved_goal20,True
data/why3/frama_c/should_we_balance/should_we_balance_Why3_ide.mlw,should_we_balance_Why3_ide_VCshould_we_balance_loop_inv_i5_preserved_goal21,True
data/why3/frama_c/should_we_balance/should_we_balance_Why3_ide.mlw,should_we_balance_Why3_ide_VCshould_we_balance_assert_rte_mem_access_10_goal22,True
data/why3/frama_c/should_we_balance/should_we_balance_Why3_ide.mlw,should_we_balance_Why3_ide_VCshould_we_balance_assert_rte_mem_access_12_goal23,True
data/why3/frama_c/should_we_balance/should_we_balance_Why3_ide.mlw,should_we_balance_Why3_ide_VCshould_we_balance_assert_rte_bool_value_2_goal24,True
data/why3/frama_c/should_we_balance/should_we_balance_Why3_ide.mlw,should_we_balance_Why3_ide_VCshould_we_balance_assert_rte_mem_access_14_goal25,True
data/why3/frama_c/should_we_balance/should_we_balance_Why3_ide.mlw,should_we_balance_Why3_ide_VCshould_we_balance_assert_rte_bool_value_3_goal26,True
data/why3/frama_c/should_we_balance/should_we_balance_Why3_ide.mlw,should_we_balance_Why3_ide_VCshould_we_balance_assert_rte_signed_overflow_goal27,True
data/why3/frama_c/should_we_balance/should_we_balance_Why3_ide.mlw,should_we_balance_Why3_ide_VCshould_we_balance_loop_term_decrease_goal28,True
data/why3/frama_c/should_we_balance/should_we_balance_Why3_ide.mlw,should_we_balance_Why3_ide_VCshould_we_balance_call_cpumask_copy_pre_2_goal29,True
data/why3/frama_c/should_we_balance/should_we_balance_Why3_ide.mlw,should_we_balance_Why3_ide_VCshould_we_balance_call_cpumask_copy_pre_3_goal30,True
data/why3/frama_c/should_we_balance/should_we_balance_Why3_ide.mlw,should_we_balance_Why3_ide_VCshould_we_balance_call_cpumask_copy_pre_4_goal31,True
data/why3/frama_c/should_we_balance/should_we_balance_Why3_ide.mlw,should_we_balance_Why3_ide_VCshould_we_balance_call_find_next_and_bit_pre_2_goal32,True
data/why3/frama_c/should_we_balance/should_we_balance_Why3_ide.mlw,should_we_balance_Why3_ide_VCshould_we_balance_call_idle_cpu_pre_goal33,True
data/why3/frama_c/should_we_balance/should_we_balance_Why3_ide.mlw,should_we_balance_Why3_ide_VCshould_we_balance_not_newly_idle_with_idle_post_goal34,True
data/why3/frama_c/should_we_balance/should_we_balance_Why3_ide.mlw,should_we_balance_Why3_ide_VCshould_we_balance_not_newly_idle_with_idle_post_2_goal35,True
data/why3/frama_c/should_we_balance/should_we_balance_Why3_ide.mlw,should_we_balance_Why3_ide_VCshould_we_balance_not_newly_idle_with_idle_core_post_goal36,True
data/why3/frama_c/should_we_balance/should_we_balance_Why3_ide.mlw,should_we_balance_Why3_ide_VCshould_we_balance_not_newly_idle_with_idle_core_post_2_goal37,True
data/why3/frama_c/should_we_balance/should_we_balance_Why3_ide.mlw,should_we_balance_Why3_ide_VCshould_we_balance_not_newly_idle_with_idle_cpu_post_goal38,True
data/why3/frama_c/should_we_balance/should_we_balance_Why3_ide.mlw,should_we_balance_Why3_ide_VCshould_we_balance_not_newly_idle_with_idle_cpu_post_2_goal39,True
data/why3/frama_c/should_we_balance/should_we_balance_Why3_ide.mlw,should_we_balance_Why3_ide_VCshould_we_balance_not_newly_idle_without_idle_post_goal40,True
data/why3/frama_c/should_we_balance/should_we_balance_Why3_ide.mlw,should_we_balance_Why3_ide_VCshould_we_balance_not_newly_idle_without_idle_post_2_goal41,True
